{
    "model":  "/tts/models/xiaoxing_strict_v1/xiaoxing_v1.onnx",
    "input_shape":  [
                        16,
                        96
                    ],
    "positive_phrases":  [
                             "小星小星",
                             "晓星晓星",
                             "小星在吗",
                             "小星同学"
                         ],
    "negative_notes":  "Strict wake model: 小新小新/小心小心 are not positive samples; near-sound words and business commands are negative samples.",
    "training_counts":  {
                            "positive":  5000,
                            "negative":  5000,
                            "train":  54250,
                            "val":  10500
                        },
    "recommended_threshold":  {
                                  "threshold":  0.09999999999999999,
                                  "recall":  0.9226666666666666,
                                  "negative_hit_rate":  0.024205128205128205,
                                  "precision":  0.7456896551724138,
                                  "f1":  0.8247914183551848,
                                  "tp":  692,
                                  "fp":  236,
                                  "tn":  9514,
                                  "fn":  58
                              },
    "history_tail":  [
                         {
                             "epoch":  71,
                             "loss":  3.2805621265411764E-05,
                             "lr":  2.4723465631006334E-05,
                             "threshold":  0.6399999999999999,
                             "recall":  0.8586666666666667,
                             "negative_hit_rate":  0.01241025641025641,
                             "precision":  0.8418300653594771,
                             "f1":  0.8501650165016502,
                             "tp":  644,
                             "fp":  121,
                             "tn":  9629,
                             "fn":  106,
                             "selection_score":  0.9056189039718452
                         },
                         {
                             "epoch":  72,
                             "loss":  3.2456471920872811E-05,
                             "lr":  1.9577393481938583E-05,
                             "threshold":  0.6499999999999999,
                             "recall":  0.8586666666666667,
                             "negative_hit_rate":  0.01241025641025641,
                             "precision":  0.8418300653594771,
                             "f1":  0.8501650165016502,
                             "tp":  644,
                             "fp":  121,
                             "tn":  9629,
                             "fn":  106,
                             "selection_score":  0.9056189039718452
                         },
                         {
                             "epoch":  73,
                             "loss":  3.21176372501282E-05,
                             "lr":  1.501790541854113E-05,
                             "threshold":  0.6599999999999999,
                             "recall":  0.8586666666666667,
                             "negative_hit_rate":  0.01241025641025641,
                             "precision":  0.8418300653594771,
                             "f1":  0.8501650165016502,
                             "tp":  644,
                             "fp":  121,
                             "tn":  9629,
                             "fn":  106,
                             "selection_score":  0.9056189039718452
                         },
                         {
                             "epoch":  74,
                             "loss":  3.1854570377892639E-05,
                             "lr":  1.1052031840929375E-05,
                             "threshold":  0.6499999999999999,
                             "recall":  0.8586666666666667,
                             "negative_hit_rate":  0.01241025641025641,
                             "precision":  0.8418300653594771,
                             "f1":  0.8501650165016502,
                             "tp":  644,
                             "fp":  121,
                             "tn":  9629,
                             "fn":  106,
                             "selection_score":  0.9056189039718452
                         },
                         {
                             "epoch":  75,
                             "loss":  3.16230835040805E-05,
                             "lr":  7.6858878387078262E-06,
                             "threshold":  0.6499999999999999,
                             "recall":  0.8586666666666667,
                             "negative_hit_rate":  0.01241025641025641,
                             "precision":  0.8418300653594771,
                             "f1":  0.8501650165016502,
                             "tp":  644,
                             "fp":  121,
                             "tn":  9629,
                             "fn":  106,
                             "selection_score":  0.9056189039718452
                         },
                         {
                             "epoch":  76,
                             "loss":  3.1476761834264322E-05,
                             "lr":  4.9246637619449353E-06,
                             "threshold":  0.6499999999999999,
                             "recall":  0.8586666666666667,
                             "negative_hit_rate":  0.01241025641025641,
                             "precision":  0.8418300653594771,
                             "f1":  0.8501650165016502,
                             "tp":  644,
                             "fp":  121,
                             "tn":  9629,
                             "fn":  106,
                             "selection_score":  0.9056189039718452
                         },
                         {
                             "epoch":  77,
                             "loss":  3.1336378598561565E-05,
                             "lr":  2.7726172180294822E-06,
                             "threshold":  0.6499999999999999,
                             "recall":  0.8586666666666667,
                             "negative_hit_rate":  0.01241025641025641,
                             "precision":  0.8418300653594771,
                             "f1":  0.8501650165016502,
                             "tp":  644,
                             "fp":  121,
                             "tn":  9629,
                             "fn":  106,
                             "selection_score":  0.9056189039718452
                         },
                         {
                             "epoch":  78,
                             "loss":  3.1253055438801824E-05,
                             "lr":  1.2330665067488141E-06,
                             "threshold":  0.6499999999999999,
                             "recall":  0.8586666666666667,
                             "negative_hit_rate":  0.01241025641025641,
                             "precision":  0.8418300653594771,
                             "f1":  0.8501650165016502,
                             "tp":  644,
                             "fp":  121,
                             "tn":  9629,
                             "fn":  106,
                             "selection_score":  0.9056189039718452
                         },
                         {
                             "epoch":  79,
                             "loss":  3.1199166513479726E-05,
                             "lr":  3.0838550371083954E-07,
                             "threshold":  0.6499999999999999,
                             "recall":  0.8586666666666667,
                             "negative_hit_rate":  0.01241025641025641,
                             "precision":  0.8418300653594771,
                             "f1":  0.8501650165016502,